{"cameraMode":{"drawMode":0,"name":"Shaded","section":"Shading Mode"},"sceneLighting":false,"audioPlay":false,"sceneViewState":{"m_AlwaysRefresh":false,"showFog":true,"showSkybox":false,"showFlares":true,"showImageEffects":true,"showParticleSystems":true,"showVisualEffectGraphs":true,"m_FxEnabled":true},"in2DMode":false,"pivot":{"x":-0.29819026589393618,"y":27.387821197509767,"z":-3.7465038299560549},"rotation":{"x":0.25010380148887637,"y":-0.1802627146244049,"z":0.04745147377252579,"w":0.9501068592071533},"size":0.7073895931243897,"orthographic":false}