{"cameraMode":{"drawMode":0,"name":"Shaded","section":"Shading Mode"},"sceneLighting":false,"audioPlay":false,"sceneViewState":{"m_AlwaysRefresh":false,"showFog":true,"showSkybox":false,"showFlares":true,"showImageEffects":true,"showParticleSystems":true,"showVisualEffectGraphs":true,"m_FxEnabled":true},"in2DMode":false,"pivot":{"x":1.383479118347168,"y":0.27770161628723147,"z":0.8716599941253662},"rotation":{"x":-0.18479762971401215,"y":-0.5150729417800903,"z":0.11480677127838135,"w":-0.8290814161300659},"size":3.127302646636963,"orthographic":false}