{"cameraMode":{"drawMode":0,"name":"Shaded","section":"Shading Mode"},"sceneLighting":false,"audioPlay":false,"sceneViewState":{"m_AlwaysRefresh":false,"showFog":true,"showSkybox":false,"showFlares":true,"showImageEffects":true,"showParticleSystems":true,"showVisualEffectGraphs":true,"m_FxEnabled":true},"in2DMode":false,"pivot":{"x":0.4283881187438965,"y":0.09686899185180664,"z":0.2880474925041199},"rotation":{"x":-0.28817611932754519,"y":0.6616942286491394,"z":-0.3074797987937927,"w":-0.6201484203338623},"size":1.9716720581054688,"orthographic":false}