{"cameraMode":{"drawMode":0,"name":"Shaded","section":"Shading Mode"},"sceneLighting":false,"audioPlay":false,"sceneViewState":{"m_AlwaysRefresh":false,"showFog":true,"showSkybox":false,"showFlares":true,"showImageEffects":true,"showParticleSystems":true,"showVisualEffectGraphs":true,"m_FxEnabled":true},"in2DMode":false,"pivot":{"x":-0.05633354187011719,"y":-1.5556633472442628,"z":-0.5008816719055176},"rotation":{"x":0.32487237453460696,"y":-0.16121312975883485,"z":0.05630256608128548,"w":0.9302193522453308},"size":4.075830459594727,"orthographic":false}