{"cameraMode":{"drawMode":0,"name":"Shaded","section":"Shading Mode"},"sceneLighting":false,"audioPlay":false,"sceneViewState":{"m_AlwaysRefresh":false,"showFog":true,"showSkybox":false,"showFlares":true,"showImageEffects":true,"showParticleSystems":true,"showVisualEffectGraphs":true,"m_FxEnabled":true},"in2DMode":false,"pivot":{"x":-0.10218238830566406,"y":0.3673088550567627,"z":-0.38370704650878909},"rotation":{"x":-0.06836207956075669,"y":0.9260664582252502,"z":-0.30977898836135867,"w":-0.2043645977973938},"size":3.4178338050842287,"orthographic":false}